{
  "project_info": {
    "project_number": "433846196787",
    "firebase_url": "https://vijaylaxmi-750ef.firebaseio.com",
    "project_id": "vijaylaxmi-750ef",
    "storage_bucket": "vijaylaxmi-750ef.appspot.com"
  },
  "client": [
    {
      "client_info": {
        "mobilesdk_app_id": "1:433846196787:android:d1969df5660c7dd443e146",
        "android_client_info": {
          "package_name": "beautymentor.in"
        }
      },
      "oauth_client": [
        {
          "client_id": "433846196787-jmbmsgk8h8opm2v0s0n2jfh6kmmoo522.apps.googleusercontent.com",
          "client_type": 1,
          "android_info": {
            "package_name": "binplus.vijaylaxmi",
            "certificate_hash": "d9b7f8d108291e703c11a795f4ee0c09034a59ac"
          }
        },
        {
          "client_id": "433846196787-2d9t336at4lsb18vqj5uq02hhb77onc2.apps.googleusercontent.com",
          "client_type": 3
        }
      ],
      "api_key": [
        {
          "current_key": "AIzaSyDI26PiQ8bot_dW73X0Q2y-e_hqKPsJgEw"
        }
      ],
      "services": {
        "appinvite_service": {
          "other_platform_oauth_client": [
            {
              "client_id": "433846196787-2d9t336at4lsb18vqj5uq02hhb77onc2.apps.googleusercontent.com",
              "client_type": 3
            }
          ]
        }
      }
    }
  ],
  "configuration_version": "1"
}